"","vairable","coefficients"
"1","(Intercept)",-26.9575592519138
"2","age",-1.08578695550816
"3","weight",2.10922586342717
"4","age:height",0.00681553194284284
"5","weight:height",-0.00900787295197659
